{
    "MeV": [200,170,150,120,100],
    "h": [170.7304695,150.4236137,130.259993,109.7069541,89.35061973,69.0600225],
    "SAD_X": 2553.85825620426,
    "SAD_Y": 1764.44185729848,   
    "Chevron_WER": 1.84574719032682,
    "Target_WER": 1.57381168462608,
    "Target_l": 7,
    "LCW_half_width": 57.4999869032772,
    "D80_NIST": [259.3,195.9,157.6,106.5,77.07],
    "D80_TPS": [259.542,195.861,157.392,106.075,76.875],
    "D80_Baseline": {
        "Gantry 1": [259.181, 195.714, 157.491, 106.207, 76.924],
        "Gantry 2": [259.218, 195.890, 157.673, 106.577, 77.170],
        "Gantry 3": [259.217, 195.890, 157.714, 106.366, 77.085],
        "Gantry 4": [259.699, 196.125, 157.901, 106.471, 76.937]},
    "SpotE": [240, 200, 150, 100, 70]
    }